{"cameraMode":{"drawMode":0,"name":"Shaded","section":"Shading Mode"},"sceneLighting":true,"audioPlay":false,"sceneViewState":{"showFog":true,"showMaterialUpdate":false,"showSkybox":true,"showFlares":true,"showImageEffects":true,"showParticleSystems":true},"in2DMode":false,"pivot":{"x":-59.44748306274414,"y":15.940023422241211,"z":-11.05165958404541},"rotation":{"x":-0.0034672203473746778,"y":0.9927271604537964,"z":-0.11668229848146439,"w":-0.029496343806385995},"size":42.84856414794922,"orthographic":false}